{
  "dependencies": [
    {
      "version": "1.0.0",
      "assetId": "banking-datatypes",
      "groupId": "a1399d0e-0fec-4b62-94e2-563f06e0189b",
      "provided": false
    }
  ],
  "version": "1.0.0",
  "descriptorVersion": "1.0.0",
  "classifier": "oas",
  "main": "acme-banking-api.yaml",
  "assetId": "acme-banking-api",
  "groupId": "a1399d0e-0fec-4b62-94e2-563f06e0189b",
  "name": "ACME Banking API",
  "organizationId": "a1399d0e-0fec-4b62-94e2-563f06e0189b",
  "apiVersion": "v1",
  "tags": [],
  "originalFormatVersion": "3.0"
}