{
  "dependencies": [
    {
      "version": "1.0.0",
      "assetId": "datatypes",
      "groupId": "ca1a461b-c17d-4fc1-958e-53131dfddb7e",
      "provided": false
    },
    {
      "version": "1.0.1",
      "assetId": "training-american-flight-data-type",
      "groupId": "68ef9520-24e9-4cf2-b2f5-620025690913",
      "provided": false
    }
  ],
  "version": "1.0.0",
  "originalFormatVersion": "3.0",
  "apiVersion": "v1",
  "descriptorVersion": "1.0.0",
  "classifier": "oas",
  "main": "acme-banking-api.yaml",
  "assetId": "acme-banking-api",
  "groupId": "ca1a461b-c17d-4fc1-958e-53131dfddb7e",
  "organizationId": "ca1a461b-c17d-4fc1-958e-53131dfddb7e",
  "name": "ACME Banking API"
}